Registration ID,Registration Type,Group ID,Group Member,Name,Email,Mobile Number,College / Institution,Ticket Type,Registration Timestamp
IND-001,Individual,,,Amulya Sharma,amulya.04.a@gmail.com,7981932319,St Ann's College for Women ,Female Individual,2026-09-25 23:44:29
IND-002,Individual,,,Muhammad Aman,aman9059089036@gmail.com,9059089036,Malla Reddy Institute of Technology and Science,Male Individual,2026-09-26 12:02:07
IND-003,Individual,,,KKVS VARSHINI ,saivarshini2704@gmail.com,8317529770,Bits Pilani ,Female Individual,2026-09-26 12:05:49
IND-004,Individual,,,Sohaib Rashid ,rashidsohaib10232@gmail.com,6388660673,Maulana Azad National Urdu University ,Male Individual,2026-09-26 13:43:43
IND-005,Individual,,,Iriventi Subramanyam ,iriventisubramanyam27@gmail.com,9491830867,Matrusri Engineering college ,Male Individual,2026-09-26 16:17:21
IND-006,Individual,,,Gadhari Kavya ,kavyagadhari35@gmail.com,8019121706,Bhojreddy Engineering College For Women ,Female Individual,2026-09-26 16:47:56
IND-007,Individual,,,Tammali Aishwarya ,aishwarya tammali21@gmail.com,8121558262,Bhojreddy Engineering College For Women ,Female Individual,2026-09-26 16:52:34
IND-008,Individual,,,Vardham anuj ,vardhamanuj@gmail.com,9959681892,Teegala krishna reddy engineering college ,Male Individual,2026-09-26 19:07:30
IND-009,Individual,,,Syed Moatashim Mazhar ,studywithmoatasim@gmail.com,7995871208,ISL Engineering College ,Male Individual,2026-09-26 19:36:21
IND-010,Individual,,,A Yashaswini ,yashaswani.1974@gmail.com,7075491974,Malla Reddy Engeneering College For Women ,Female Individual,2026-09-26 20:46:26
IND-011,Individual,,,prajwal kanuparthi,prajwal.devjourney@gmail.com,8106347599,matrusri enginnering college,Male Individual,2026-09-26 22:23:38
IND-012,Individual,,,PERUMALLA SUSHWANTH,perumallasushwanth@gmail.com,9381063968,SR University,Male Individual,2026-09-26 22:28:10
IND-013,Individual,,,Md usama aadil,usamaaadil813@gmail.com,9014183773,Cmrcet,Male Individual,2026-09-26 23:11:11
IND-014,Individual,,,Pushyami malela,Pushyamimalela@gmail.com ,7386192663,Malla reddy engineering college for women ,Female Individual,2026-09-26 23:21:16
IND-015,Individual,,,Shaukat Begum,sshaukatbegum786@gmail.com,9347871409,Matrusri Engineering college ,Female Individual,2026-09-27 21:02:52
IND-016,Individual,,,Anjali Gopaldas ,anjaligopaldas09@gmail.com,7075681239,JBREC ,Female Individual,2026-09-27 21:55:43
IND-017,Individual,,,M.Mridul,cse24733189@matrusri.edu.in,9704826377,Mecs,Male Individual,2026-09-28 16:45:23
IND-018,Individual,,,Mohammad Jawad uddin ,....,+91 6305596086,Mecs ,Male Individual,2026-09-28 21:54:44
IND-019,Individual,,,namrata telugu,telugunamrata707@gmail.com,09908099678,ams college of informatics,Female Individual,2026-09-28 23:02:51
IND-020,Individual,,,Sruthi Kakarla ,sruthikakarla28@gmail.com,8333046613,Sreyas institute of engineering and technology ,Female Individual,2026-09-29 10:23:00
IND-021,Individual,,,Sunil Nayak,nenavathsunil.004@gmail.com,6305165292,Gurunanak institutions (GNIT),Male Individual,2026-09-29 10:53:51
IND-022,Individual,,,Komuravelli Manaswini ,manukomuravelli10@gmail.com,9154063630,Bhojreddy college of engineering for women ,Female Individual,2026-09-29 13:55:29
IND-023,Individual,,,Tejaswini Kuchana,tejaswinikuchana26@gmail.com,8819217761,Chaitanya Bharathi Institute of Technology ,Female Individual,2026-09-29 16:29:00
IND-024,Individual,,,Baba Ganesh Upputella,babaganesh6445u@gmail.com,8367518586,"Vignan's Lara Institute of Technology & Science, Guntur",Male Individual,2026-09-29 18:21:05
IND-025,Individual,,,Chandu Nalukurthi ,nalukurthichandu7@gmail.com,9121450924,Vignan's lara institute of technology and sciences ,Male Individual,2026-09-29 18:27:18
IND-026,Individual,,,Mohammed Zaheer Shareef ,zaheershareef39@gmail.com,8978215798,Malla Reddy University ,Male Individual,2026-09-29 18:28:04
IND-027,Individual,,,Sahasrika Gowrishetty,sahasrikagowrishetty@gmail.com,9553570227,Kakatiya Institute of Technology and science for women,Female Individual,2026-09-29 20:42:35
IND-028,Individual,,,Aliya Manal ,aliyamanal320@gmail.com,09346108905,Kakatiya institution of technology and science for women ,Female Individual,2026-09-29 22:03:54
IND-029,Individual,,,Devika Mangalagiri,mangalagiridevika1010@gmail.com,9398960623,Matrusri Engineering college ,Female Individual,2026-09-29 22:30:12
IND-030,Individual,,,PARAMAIAH GARI JITHEJA ,paramaiahgari2007@gmail.com,9515151192,Bhoj Reddy Engineering College for Women ,Female Individual,2026-09-29 22:31:05
IND-031,Individual,,,G.Akshaya,gakshayagoud11@gmail.com ,7842971625,Bhoj Reddy Engineering college for womens ,Female Individual,2026-09-29 22:38:07
IND-032,Individual,,,Ritika jangir,jangidritika2006@gmail.com,9772831958,Matrusri engineering college,Female Individual,2026-09-29 22:38:26
IND-033,Individual,,,Dheeraj Dandotikar,dheerajdandotikar2007@gmail.com,7661947668,Matrusri engineering college ,Male Individual,2026-09-30 00:28:03
IND-034,Individual,,,Somavarapu Pallavi ,somavarapupallavi26@gmail.com,8341367763,Bhoj Reddy Engineering College For Women ,Female Individual,2026-09-30 09:30:07
IND-035,Individual,,,DEPA KEERTHI REDDY,depakeerthireddy@gmail.com,7893847080,Bhoj Reddy Engineering College for women ,Female Individual,2026-09-30 12:35:26
IND-036,Individual,,,Gadeela Akshaya ,gadeelaakshaya@gmail.com,9032192377,Matrusri engineering college ,Female Individual,2026-09-30 13:28:12
IND-037,Individual,,,Sri Varsha Vemula ,vemulasrivarsha27@gmail.com,9392517149,Matrusri Engineering College ,Female Individual,2026-09-30 15:50:33
IND-038,Individual,,,Ch. Siri Chandana ,sirichandanachetlapally@gmail.com,8019995209,Matrusri engineering College ,Female Individual,2026-09-30 16:13:50
IND-039,Individual,,,Thota Asritha Reddy,cse25733010@matrusri.edu.in,7569838486,Matrusri Engineering College,Female Individual,2026-09-30 16:42:59
IND-040,Individual,,,Madhu Harini Maanthi ,maanthimadhuharini@gmail.com,8142473176,Stanley College of Engineering and Technology for Women ,Female Individual,2026-09-30 17:50:19
IND-041,Individual,,,Vaishnavi Sunkari ,vsunkari88@gmail.com,9553995720,Stanley College of Engineering and Technology for Women ,Female Individual,2026-09-30 17:52:24
IND-042,Individual,,,N Karthik ,nkarthik0120@gmail.com,9440819844,Vignan institute of technology and science ,Male Individual,2026-09-30 18:01:43
IND-043,Individual,,,Kaushal goud ,kaushalbattina009@gmail.com,07032044484,Matrusri engineering collage ,Male Individual,2026-09-30 19:44:52
IND-044,Individual,,,N Pranavi,cse25733006@matrusri.edu.in,+91 63039 00251,Matrusri Engineering College,Female Individual,2026-09-30 19:58:03
IND-045,Individual,,,Naipunya Addula ,naipunyaaddula@gmail.com,630459890,Kakatiya Institute of Technology and Science for Women ,Female Individual,2026-09-30 19:59:38
IND-046,Individual,,,Talluru Manideepa ,manideepatalluru@gmail.com,8555061811,Matrusri engineering college ,Female Individual,2026-09-30 21:26:42
IND-047,Individual,,,Sukrutha Jagannatham ,jsukrutha1157@gmail.com,6303423064,Geethanjali college of engineering and technology ,Female Individual,2026-09-30 23:07:10
IND-048,Individual,,,KeerthiReddy Depa,depakeerthireddy@gmail.com,7893847080,Bhojreddy engineering college for women ,Female Individual,2026-10-01 00:01:50
IND-049,Individual,,,S V Kartikeya ,kartikeya.sighakoli@gmail.com,9492577678,Matrusri engineering college ,Male Individual,2026-10-01 08:18:39
IND-050,Individual,,,Puneeth Peela,peelapuneeth@gmail.com,9247837325,Matrusri Engineering College,Male Individual,2026-10-01 08:23:18
IND-051,Individual,,,Burella Varun ,varunguptha189@gmail.com,9030307385,Matrusri college ,Male Individual,2026-10-01 09:49:03
IND-052,Individual,,,Purelly charann,Purellycharann@gmail.com,9603123330,Matrusri,Male Individual,2026-10-01 12:22:05
IND-053,Individual,,,K Akshara,kalluakshara12@gmail.com,9490080711,Bhoj Reddy Engineeering College,Female Individual,2026-10-01 14:33:55
IND-054,Individual,,,Arumulla Sanjana,arumullasanjana1@gmail.com,6300812581,Matrusri Engineering College,Female Individual,2026-10-01 17:09:56
IND-055,Individual,,,G.Alekhya,golialekhya18@gmail.com,9704519997,Geethanjali college of engineering and technology ,Female Individual,2026-10-01 18:26:16
IND-056,Individual,,,Aesha Gupta,aeshiime@gmail.com,8106029111,Geethanjali College of Engineering and Technology ,Female Individual,2026-10-01 18:32:01
IND-057,Individual,,,Gawthami sreeja,gawthamisreeja197@gmail.com,9849369896,stanley college of engineering and technology for women,Female Individual,2026-10-01 19:57:03
IND-058,Individual,,,Vansh Bhadani,vanshbhadani2005@gmail.com,8074023817,Geethanjali College of engineering and technology ,Male Individual,2026-10-01 20:37:44
IND-059,Individual,,,Jasmitha Reddy Gadi ,jasmithareddy497@gmail.com,8919985628,Bhoj Reddy Engineering College for women ,Female Individual,2026-10-01 23:22:30
IND-060,Individual,,,Sahavun,sahavun03@gmail.com,8978138987,CBIT,Male Individual,2026-10-02 00:46:16
IND-061,Individual,,,Mandoju Hasini ,hasinimandoju@gmail.com,6302902795,Nishitha Degree college ,Female Individual,2026-10-02 09:25:49
IND-062,Individual,,,Angiri Chandhana ,Chandhanaangiri@gmail.com,+91 96661 05126,Kakatiya Institute of Technology and Science for Women,Female Individual,2026-10-02 09:32:40
IND-063,Individual,,,Lahari Emmidi ,lahari2428@gmail.com,9391142079,Bhojreddy Engineering College for Women ,Female Individual,2026-10-02 09:45:04
IND-064,Individual,,,Nammana Hema madhuri ,250352975@sru.edu.in,9502640137,SR UNIVERSITY ,Female Individual,2026-10-02 10:31:20
IND-065,Individual,,,Jammula Sahithi ,2505A41134@sru.edu.in,8897339559,SR UNIVERSITY ,Female Individual,2026-10-02 10:31:28
IND-066,Individual,,,Jammula sindhu priya,2503A51025@sru.edu.in,9848574019,SR UNIVERSITY ,Female Individual,2026-10-02 10:40:12
IND-067,Individual,,,Jammula sindhu priya,2503A451025@sru.edu.in,9848574019,SR UNIVERSITY ,Female Individual,2026-10-02 10:43:58
IND-068,Individual,,,Karthik peddagoni ,karthikpedhagoni123@gmail.com,9390473823,Matrusri engineering college ,Male Individual,2026-10-02 12:09:20
IND-069,Individual,,,Jasmitha Reddy Gadi ,jasmithareddy497@gmail.com,8919985628,Bhoj Reddy Engineering College for women ,Female Individual,2026-10-02 13:28:53
IND-070,Individual,,,Yusuf Ejaz,bablubelura@gmail.com,8227099341,Maulana Azad National urdu university ,Male Individual,2026-10-02 15:20:55
IND-071,Individual,,,Wasif Rabbani,rabbaniwasif936@gmail.com,8797677806,"Maulana Azad National Urdu University, Hyderabad ",Male Individual,2026-10-02 15:27:56
IND-072,Individual,,,Govula Sanjeev Yadav ,sanjeevyadavgovula@gmail.com,7780277107,Matrusri Engineering College ,Male Individual,2026-10-02 16:04:01
GRP-001-1,Group of 4,GRP-001,1,VIKRAM BANERJEE,vikramb9291@gmail.com,6304589007,Matrusri engineering collage,,2026-09-26 13:32:22
GRP-001-2,Group of 4,GRP-001,2,A PRAVEEN,cse23733198@matrusri.edu.in,+91 93463 15099,Matrusri engineering collage,,2026-09-26 13:32:22
GRP-001-3,Group of 4,GRP-001,3,REKHA PRASANNA KUMAR,cse23733234@matrusri.edu.in,9391771416,Matrusri engineering collage,,2026-09-26 13:32:22
GRP-001-4,Group of 4,GRP-001,4,Banavath vishnu,cse23733319@matrusri.edu.in,6305144102,Matrusri engineering collage,,2026-09-26 13:32:22
GRP-002-1,Group of 4,GRP-002,1,Ayesha Faeza,ayeshafaeza2427@gmail.com,9030111183,Bhoj Reddy Engineering College for Women,,2026-09-26 14:46:30
GRP-002-2,Group of 4,GRP-002,2,Anees Unnisa,anees.unnisa07@gmail.com,+91 99125 90997,Bhoj Reddy Engineering College for Women,,2026-09-26 14:46:30
GRP-002-3,Group of 4,GRP-002,3,Iram Mehvish,irammehvish137@gmail.com,+91 90149 50895,Bhoj Reddy Engineering College for Women,,2026-09-26 14:46:30
GRP-002-4,Group of 4,GRP-002,4,Arifa Ahmad,arifa.ahmad2008@gmail.com,+91 92042 73479,Bhoj Reddy Engineering College for Women,,2026-09-26 14:46:30
GRP-003-1,Group of 4,GRP-003,1,Mohammad Fahima Firdhoz,fahimafirdhoz@gmail.com,+91 7989252072,"Bomma Institute of Technology and Science, Khammam.",,2026-09-27 12:00:17
GRP-003-2,Group of 4,GRP-003,2,Kalluri Poojitha,kalluripoojitha04@gmail.com,+91 6301696713,"Bomma Institute of Technology and Science, Khammam.",,2026-09-27 12:00:17
GRP-003-3,Group of 4,GRP-003,3,Thatipelly Jessica,jessicathatipelly@gmail.com,+91 7995420266,"Bomma Institute of Technology and Science, Khammam.",,2026-09-27 12:00:17
GRP-003-4,Group of 4,GRP-003,4,Keshaveni Varshitha,varshithakeshaveni07@gmail.com,+91 9059500955,"Bomma Institute of Technology and Science, Khammam.",,2026-09-27 12:00:17
GRP-004-1,Group of 4,GRP-004,1,Ganji Hari chandana,ganjiharichandana28@gmail.com,6305397356,JOGINPALLY BR ENGINEERING COLLEGE,,2026-09-27 13:47:19
GRP-004-2,Group of 4,GRP-004,2,Gangapuram rakshita,rakshitagangapuram@gmail.com,7993769031,JOGINPALLY BR ENGINEERING COLLEGE,,2026-09-27 13:47:19
GRP-004-3,Group of 4,GRP-004,3,Chindam bala rakshita,chindambalarakshita@gmail.com,7386304732,JOGINPALLY BR ENGINEERING COLLEGE,,2026-09-27 13:47:19
GRP-004-4,Group of 4,GRP-004,4,Dhulapu Sai charan,saidhulapucharan@gmail.com,9346716240,JOGINPALLY BR ENGINEERING COLLEGE,,2026-09-27 13:47:19
GRP-005-1,Group of 4,GRP-005,1,Biradar Shashank,bshashankpatil@gmail.com,9030768702,Joginpally B.R.Engeering College,,2026-09-27 14:09:26
GRP-005-2,Group of 4,GRP-005,2,Darga Harshitha,harshithadarga926@gmail.com,9885001350,Joginpally B.R.Engeering College,,2026-09-27 14:09:26
GRP-005-3,Group of 4,GRP-005,3,B Rajya Lakshmi,lakshmiballa879@gmail.com,9381635343,Joginpally B.R.Engeering College,,2026-09-27 14:09:26
GRP-005-4,Group of 4,GRP-005,4,Edee Srikanth,Srikanthyadav143256@gmail.com,7780470373,Joginpally B.R.Engeering College,,2026-09-27 14:09:26
GRP-006-1,Group of 4,GRP-006,1,PRIYANSHU KUMAR JHA,priyanshujha0909@gmail.com,7989570928,MALLA REDDY (MR) DEEMEND TO BE UNIVERSITY,,2026-09-28 11:00:05
GRP-006-2,Group of 4,GRP-006,2,KANDUKOORI VISHNU,vishnukandukoori1209@gmail.com,6300408241,MALLA REDDY (MR) DEEMEND TO BE UNIVERSITY,,2026-09-28 11:00:05
GRP-006-3,Group of 4,GRP-006,3,BANDA SRAVYA,shravyabanda@gmail.com,9866799523,MALLA REDDY (MR) DEEMEND TO BE UNIVERSITY,,2026-09-28 11:00:05
GRP-006-4,Group of 4,GRP-006,4,Akshaya Teljire,akshayateljire007@gmail.com,8208265414,MALLA REDDY (MR) DEEMEND TO BE UNIVERSITY,,2026-09-28 11:00:05
GRP-007-1,Group of 4,GRP-007,1,Sushanth Bikani,sushanthbaikani@gmail.com,9392686376,Matrusri engineering college,,2026-09-28 13:02:51
GRP-007-2,Group of 4,GRP-007,2,Chittimilla Vivek,vivekchittimilla@gmail.com,9491480951,Matrusri engineering college,,2026-09-28 13:02:51
GRP-007-3,Group of 4,GRP-007,3,Koppu Chandana,chandanakoppu14@gmail.com,7386611041,Matrusri engineering college,,2026-09-28 13:02:51
GRP-007-4,Group of 4,GRP-007,4,Chanvitha,Chanvitharakasi@gmail.com,8688657338,Matrusri engineering college,,2026-09-28 13:02:51
GRP-008-1,Group of 4,GRP-008,1,Nitu Singh,nitusinghz1106@gmail.com,8096575230,Siddhartha Women’s Degree College,,2026-09-28 17:51:17
GRP-008-2,Group of 4,GRP-008,2,Sabbu Shruthi,shruthireddy8978@gmail.com,9390628664,Siddhartha Women’s Degree College,,2026-09-28 17:51:17
GRP-008-3,Group of 4,GRP-008,3,Anjana kumbhum,Kumbhamanjana@gmail.com,6300015737,Siddhartha Women’s Degree College,,2026-09-28 17:51:17
GRP-008-4,Group of 4,GRP-008,4,Dharani Patti,dharanipatti12@gmail.com,8008343750,Siddhartha Women’s Degree College,,2026-09-28 17:51:17
GRP-009-1,Group of 4,GRP-009,1,Repala Likitha,repalalikitha@gmail.com,7483661544,Bhoj Reddy Engineering College For Women,,2026-09-28 19:18:55
GRP-009-2,Group of 4,GRP-009,2,Bindusree Seetha,seetha.bindusree@gmail.com,9247125462,Bhoj Reddy Engineering College For Women,,2026-09-28 19:18:55
GRP-009-3,Group of 4,GRP-009,3,T.Bindu Srihitha,bindusrihitha.tummala@gmail.com,9985585848,Bhoj Reddy Engineering College For Women,,2026-09-28 19:18:55
GRP-009-4,Group of 4,GRP-009,4,R Laxmi Thanuja,thanujaracha0@gmail.com,9494298043,Bhoj Reddy Engineering College For Women,,2026-09-28 19:18:55
GRP-010-1,Group of 4,GRP-010,1,S.Samuel Akash,ssakash2727@gmail.com,88852 67027,Matrusri Engineering College,,2026-09-28 19:44:42
GRP-010-2,Group of 4,GRP-010,2,B.Ramcharan,ramcharangoud038@gmail.com,8125411038,Matrusri Engineering College,,2026-09-28 19:44:42
GRP-010-3,Group of 4,GRP-010,3,B.Rohit,rohith210708@gmail.com,6281343485,Matrusri Engineering College,,2026-09-28 19:44:42
GRP-010-4,Group of 4,GRP-010,4,B.Ritesh Kumar,riteshbhyagadi15@gmail.com,9010415056,Matrusri Engineering College,,2026-09-28 19:44:42
GRP-011-1,Group of 4,GRP-011,1,Perumandla Charani,charaniperumandla@gmail.com,7659981615,Bomma Institute of Technology and Science,,2026-09-29 09:29:07
GRP-011-2,Group of 4,GRP-011,2,Surugu Vennela,vennelasurugu@gmail.com,7075034266,Bomma Institute of Technology and Science,,2026-09-29 09:29:07
GRP-011-3,Group of 4,GRP-011,3,Narlapati Hema Nagasree,hemanarlapati@gmail.com,9059220577,Bomma Institute of Technology and Science,,2026-09-29 09:29:07
GRP-011-4,Group of 4,GRP-011,4,Gorremuchhu Akshaya,gorremuchhuakshaya@gmail.com,9346142385,Bomma Institute of Technology and Science,,2026-09-29 09:29:07
GRP-012-1,Group of 4,GRP-012,1,B V S S ADITYA,bvssaditya0521@gmail.com,8790902502,Matrusri Engineering College,,2026-09-29 17:31:09
GRP-012-2,Group of 4,GRP-012,2,M Sai Prashanth,saiprashanth.m07@gmail.com,+91 80087 77714,Matrusri Engineering College,,2026-09-29 17:31:09
GRP-012-3,Group of 4,GRP-012,3,P Sri Shantanu,pabbasrishantanu@gmail.com,+91 98664 15386,Matrusri Engineering College,,2026-09-29 17:31:09
GRP-012-4,Group of 4,GRP-012,4,G Ganesh yadav,g.ganesh16.09.05@gmail.com,+91 81439 15461,Matrusri Engineering College,,2026-09-29 17:31:09
GRP-013-1,Group of 4,GRP-013,1,Vijaya Phanindra,goturuphanindravijaya@gmail.com,9110765423,Keshav Memorial Institute of Technology,,2026-09-29 20:10:53
GRP-013-2,Group of 4,GRP-013,2,Lakshmi Manasa Sudhatri,sudhatrisarma@gmail.com,8919941516,Keshav Memorial Institute of Technology,,2026-09-29 20:10:53
GRP-013-3,Group of 4,GRP-013,3,Sudeendra Nageshwar Nandimalla,nandimallasudeendrabharatwaja@gmail.com,9392805990,Keshav Memorial Institute of Technology,,2026-09-29 20:10:53
GRP-013-4,Group of 4,GRP-013,4,Gandikota Rithwik,rithwikgandikota19@gmail.com,9951004411,Keshav Memorial Institute of Technology,,2026-09-29 20:10:53
GRP-014-1,Group of 4,GRP-014,1,Sai Spandan Mohanty,saispandan45@gmail.com,8984440211,St Peter's Engineering College,,2026-09-30 13:54:11
GRP-014-2,Group of 4,GRP-014,2,Akash Anandhakumar,akashanandhakumar02@gmail.com,+91 90251 18654,St Peter's Engineering College,,2026-09-30 13:54:11
GRP-014-3,Group of 4,GRP-014,3,Pranali Turankar,pranaliturankar64@gmail.com,8766954257,St Peter's Engineering College,,2026-09-30 13:54:11
GRP-014-4,Group of 4,GRP-014,4,M Akshitha Valli,akshithavalli5@gmail.com,8143296179,St Peter's Engineering College,,2026-09-30 13:54:11
GRP-015-1,Group of 4,GRP-015,1,Naga Harshan,nagaharshanavadhanula@gmail.com,9391827033,Matrusri Engineering College,,2026-09-30 14:01:34
GRP-015-2,Group of 4,GRP-015,2,Ridha Bokka,ridhabokka31@gmail.com,8897567373,Matrusri Engineering College,,2026-09-30 14:01:34
GRP-015-3,Group of 4,GRP-015,3,Anushri,akula.anushri@gmail.com,7386701101,Matrusri Engineering College,,2026-09-30 14:01:34
GRP-015-4,Group of 4,GRP-015,4,Sadguna,valabojusadguna126@gmail.com,9392576149,Matrusri Engineering College,,2026-09-30 14:01:34
GRP-016-1,Group of 4,GRP-016,1,KONDIPARTHI RAJESH,krajesh13102008@gmail.com,9346771744,"Sreenidhi (SNITST), Matrusri (MECS)",,2026-09-30 14:03:13
GRP-016-2,Group of 4,GRP-016,2,BANDARI RISHWANTH KUMAR,bandaririshwanthkumar@gmail.com,9440262376,"Sreenidhi (SNITST), Matrusri (MECS)",,2026-09-30 14:03:13
GRP-016-3,Group of 4,GRP-016,3,AMRABAD DHANUSH,amrabaddhanush@gmail.com,7675004283,"Sreenidhi (SNITST), Matrusri (MECS)",,2026-09-30 14:03:13
GRP-016-4,Group of 4,GRP-016,4,Anas Hussain,anashs112@gmail.com,83410 69267,"Sreenidhi (SNITST), Matrusri (MECS)",,2026-09-30 14:03:13
GRP-017-1,Group of 4,GRP-017,1,Harsh Naik,harshnaik2806@gmail.com,9390359287,Keshav Memorial Engineering College,,2026-09-30 14:30:52
GRP-017-2,Group of 4,GRP-017,2,Chegoori Akshith,akshithchegoori15@gmail.com,9676759076,Keshav Memorial Engineering College,,2026-09-30 14:30:52
GRP-017-3,Group of 4,GRP-017,3,Ajay bhargav mallampalli,ajaybhargav.mallampalli@gmail.com,94937 63035,Keshav Memorial Engineering College,,2026-09-30 14:30:52
GRP-017-4,Group of 4,GRP-017,4,Shiva Kumar,areyshiva@gmail.com,9182895056,Keshav Memorial Engineering College,,2026-09-30 14:30:52
GRP-018-1,Group of 4,GRP-018,1,Kireetini Katakam,Kireetinik@gmail.com,9182962043,Bhoj reddy engineering college for women,,2026-09-30 14:49:06
GRP-018-2,Group of 4,GRP-018,2,Rajpurohit Hansika,Hansika09raj@gmail.com,7842432324,Bhoj reddy engineering college for women,,2026-09-30 14:49:06
GRP-018-3,Group of 4,GRP-018,3,Borade laxmi priya,Boradelaxmipriya8@gmail.com,8121692508,Bhoj reddy engineering college for women,,2026-09-30 14:49:06
GRP-018-4,Group of 4,GRP-018,4,Katta laxmi sragvitha,Sragvitha18@gmail.com,8317535977,Bhoj reddy engineering college for women,,2026-09-30 14:49:06
GRP-019-1,Group of 4,GRP-019,1,Malothu Vishnu Naik,malothu.vishnu01@gmail.com,86880 01500,Matrusri Engineering College,,2026-09-30 16:26:05
GRP-019-2,Group of 4,GRP-019,2,Neela Phanindra,phanindraneela01@gmail.com,9993853539,Matrusri Engineering College,,2026-09-30 16:26:05
GRP-019-3,Group of 4,GRP-019,3,Kandikonda Sairam Teja,sairamtejakandikonda@gmail.com,95504 20803,Matrusri Engineering College,,2026-09-30 16:26:05
GRP-019-4,Group of 4,GRP-019,4,Gampa Srihas,Srihasgampa@gmail.com,95506 72379,Matrusri Engineering College,,2026-09-30 16:26:05
GRP-020-1,Group of 4,GRP-020,1,P Adarsh,adarshproddaturidev@gmail.com,9951630819,Scient Institute of Technology,,2026-09-30 19:58:47
GRP-020-2,Group of 4,GRP-020,2,Neelagiri Rakesh,neelagirirakeshdev@gmail.com,8978897011,Scient Institute of Technology,,2026-09-30 19:58:47
GRP-020-3,Group of 4,GRP-020,3,Gudlasaram Sai Sindhu,saisindhudev@gmail.com,9182247168,Scient Institute of Technology,,2026-09-30 19:58:47
GRP-020-4,Group of 4,GRP-020,4,M.Akshitha,akshithamangali51@gmail.com,8712259839,Scient Institute of Technology,,2026-09-30 19:58:47
GRP-021-1,Group of 4,GRP-021,1,Thekshitha Kalakada,thekshithakalakada@gmail.com,7815985940,Vardhaman College Of Engineering,,2026-09-30 22:42:33
GRP-021-2,Group of 4,GRP-021,2,Vemula Likhitha,vml.likhitha@gmail.com,9989538162,Vardhaman College Of Engineering,,2026-09-30 22:42:33
GRP-021-3,Group of 4,GRP-021,3,M Remalya Charmiyana,remalyacharmiyana011205@gmail.com,86888 98734,Vardhaman College Of Engineering,,2026-09-30 22:42:33
GRP-021-4,Group of 4,GRP-021,4,P Hema priya,hemapriyaperugu@gmail.com,7337039689,Vardhaman College Of Engineering,,2026-09-30 22:42:33
GRP-022-1,Group of 4,GRP-022,1,K. Sri chandana,chandanakomanduri1@gmail.com,9963462678,Matrusri,,2026-10-01 13:07:14
GRP-022-2,Group of 4,GRP-022,2,U. Nikhil,Nikhiluppala905@gmail.com,9059731970,Matrusri,,2026-10-01 13:07:14
GRP-022-3,Group of 4,GRP-022,3,B. Ryan raj,ryanraj129@gmail.com,9441718657,Matrusri,,2026-10-01 13:07:14
GRP-022-4,Group of 4,GRP-022,4,G. Jagadeesh,jagadeeshguguloth12@gmail.com,9390393320,Matrusri,,2026-10-01 13:07:14
GRP-023-1,Group of 4,GRP-023,1,Anurag Rathi,cse25733061@matrusri.edu.in,6305268267,Matrusri Engineering College,,2026-10-01 13:17:09
GRP-023-2,Group of 4,GRP-023,2,Adhvaith,cse25733305@matrusri.edu.in,7075707400,Matrusri Engineering College,,2026-10-01 13:17:09
GRP-023-3,Group of 4,GRP-023,3,Shubham Thakur,cse25733048@matrusri.edu.in,9703300577,Matrusri Engineering College,,2026-10-01 13:17:09
GRP-023-4,Group of 4,GRP-023,4,Harish Rao,cse25733034@matrusri.edu.in,9963408572,Matrusri Engineering College,,2026-10-01 13:17:09
GRP-024-1,Group of 4,GRP-024,1,Remalla Varshini,varshini120508@gmail.com,7893070512,Bhoj Reddy Engineering college for women,,2026-10-01 13:26:52
GRP-024-2,Group of 4,GRP-024,2,Vaishnavi Bharatha,vaishnavibharatha83@gmail.com,7995229685,Bhoj Reddy Engineering college for women,,2026-10-01 13:26:52
GRP-024-3,Group of 4,GRP-024,3,Yerra Varshitha,yerravarshitha7@gmail.com,7680812250,Bhoj Reddy Engineering college for women,,2026-10-01 13:26:52
GRP-024-4,Group of 4,GRP-024,4,Sunkam shravya,Sunkamshravya355@gmail.com,7780514831,Bhoj Reddy Engineering college for women,,2026-10-01 13:26:52
GRP-025-1,Group of 4,GRP-025,1,Madugula Sri Ashritha,sriaashritha83@gmail.com,7659098408,Bhoj reddy engineering college for women,,2026-10-01 15:03:08
GRP-025-2,Group of 4,GRP-025,2,Manikonda priyanka,mpriyanka.inweb@gmail.com,98859 16351,Bhoj reddy engineering college for women,,2026-10-01 15:03:08
GRP-025-3,Group of 4,GRP-025,3,Potti Sindhu,pottisindhu18@gmail.com,93913 56998,Bhoj reddy engineering college for women,,2026-10-01 15:03:08
GRP-025-4,Group of 4,GRP-025,4,Namoju Sathwika,namoju.sathwika@gmail.com,96660 43031,Bhoj reddy engineering college for women,,2026-10-01 15:03:08
GRP-026-1,Group of 4,GRP-026,1,Shaik zaker,shaikhsir8639@gmail.com,8639555529,Global institute of engineering and technology,,2026-10-01 19:33:44
GRP-026-2,Group of 4,GRP-026,2,Suman Kumar bk,Sumankumar050201@gmail.com,93928 73047,Global institute of engineering and technology,,2026-10-01 19:33:44
GRP-026-3,Group of 4,GRP-026,3,Mohammed Dawood khan,Khandawood06979@gmail.com,9052279093,Global institute of engineering and technology,,2026-10-01 19:33:44
GRP-026-4,Group of 4,GRP-026,4,Shaik Saif,shaikzaker7550@gmail.com,86880 89230,Global institute of engineering and technology,,2026-10-01 19:33:44
GRP-027-1,Group of 4,GRP-027,1,Rajpeta Emmanuel,emmanuelrajpeta123@gmail.com,8977227310,Aar Mahaveer Engineering college,,2026-10-02 12:31:59
GRP-027-2,Group of 4,GRP-027,2,Thiruvidula Venkatesh,thiruvidulavenkatesh244466@gmail.com,8121027230,Aar Mahaveer Engineering college,,2026-10-02 12:31:59
GRP-027-3,Group of 4,GRP-027,3,Cingireddy Goutam Reddy,gouthamreddycingireddy@gmail.com,8019252722,Aar Mahaveer Engineering college,,2026-10-02 12:31:59
GRP-027-4,Group of 4,GRP-027,4,Morthala Surendar Reddy,morthalasurendar@gmail.com,6300670918,Aar Mahaveer Engineering college,,2026-10-02 12:31:59
GRP-028-1,Group of 4,GRP-028,1,Tanush Kasetty,tanush326k@gmail.com,7013212362,Csi Wesley institute of technology and science,,2026-10-02 15:11:43
GRP-028-2,Group of 4,GRP-028,2,Kote shashank,shashankofficial22@gmail.com,9652511160,Csi Wesley institute of technology and science,,2026-10-02 15:11:43
GRP-028-3,Group of 4,GRP-028,3,Kanugula abhilash,abhilashkunugula@gmail.com,9000002240,Csi Wesley institute of technology and science,,2026-10-02 15:11:43
GRP-028-4,Group of 4,GRP-028,4,Mosuganti stephen,Stephenmosuganti29@gmail.com,6301771007,Csi Wesley institute of technology and science,,2026-10-02 15:11:43